{"cameraMode":{"drawMode":0,"name":"Shaded","section":"Shading Mode"},"sceneLighting":true,"audioPlay":false,"sceneViewState":{"showFog":true,"showMaterialUpdate":false,"showSkybox":true,"showFlares":true,"showImageEffects":true,"showParticleSystems":true},"in2DMode":false,"pivot":{"x":0.1044306755065918,"y":3.60463285446167,"z":-1.1206860542297364},"rotation":{"x":-0.12672275304794312,"y":-0.6354497671127319,"z":0.10679681599140167,"w":-0.7541541457176209},"size":9.1896390914917,"orthographic":true}