{"cameraMode":{"drawMode":0,"name":"Shaded","section":"Shading Mode"},"sceneLighting":true,"audioPlay":false,"sceneViewState":{"showFog":true,"showMaterialUpdate":false,"showSkybox":true,"showFlares":true,"showImageEffects":true,"showParticleSystems":true},"in2DMode":false,"pivot":{"x":-0.11514347791671753,"y":1.3220270872116089,"z":-0.29615187644958498},"rotation":{"x":-0.4602661430835724,"y":-0.5363879799842835,"z":0.45779624581336977,"w":-0.5393258333206177},"size":8.81987190246582,"orthographic":true}